Item_ID,original_mean,predicted,original_m,predicted_m,sq_error
100501:68,[0.0 0.11111111 0.33333333 0.0 0.0 0.33333333 0.22222222],[0.3411825  0.18124062 0.0699816  0.08163624 0.0705103  0.0960302 0.15941857],3.77777774,2.28481616,0.5124168539593814
100890:40,[0.0 0.33333333 0.0 0.0 0.22222222 0.0 0.33333333],[0.20200002 0.0926643  0.06190631 0.06853853 0.07791688 0.14058396 0.35638997],3.22222219,3.5750196499999998,0.3851947572376928
101686:71,[0.11111111 0.11111111 0.11111111 0.0 0.11111111 0.0 0.22222222],[0.32594922 0.11206388 0.04850753 0.06326707 0.06079448 0.12087203 0.26854575],2.11111109,2.85769272,0.27086146270147954
102453:33,[0.0 0.11111111 0.11111111 0.0 0.0 0.22222222 0.55555556],[0.2838394  0.16260247 0.08081581 0.0906015  0.08565651 0.11685035 0.1796339 ],4.77777779,2.6007197800000004,0.502095573871332
103194:59,[0.44444444 0.11111111 0.0 0.22222222 0.0 0.11111111 0.11111111],[0.34115469 0.15163694 0.06945246 0.07759866 0.07124588 0.10328344 0.18562794],1.99999998,2.4385062,0.2207730496397348
103268:112,[0.0 0.0 0.0 0.11111111 0.0 0.11111111 0.77777778],[0.35838458 0.15883838 0.06729098 0.07914162 0.06892365 0.10846975 0.15895104],5.55555556,2.30259479,0.7395425903043186
103990:134,[0.22222222 0.55555556 0.0 0.0 0.11111111 0.0 0.0],[0.35331267 0.19506355 0.084346   0.10010289 0.07508647 0.09422383 0.09786464],1.0,2.02271709,0.42898417715193504
104287:70,[0.36842105 0.05263158 0.15789474 0.05263158 0.0 0.05263158 0.26315789],[0.29766595 0.11687794 0.05025507 0.07113516 0.06473341 0.10906161 0.29027084],2.36842104,2.97666029,0.17079939898464633
104373:17,[0.15789474 0.05263158 0.10526316 0.0 0.21052632 0.21052632 0.05263158],[0.27268201 0.09988194 0.0608374  0.07229415 0.0717308  0.12941153 0.29316217],2.4736842599999997,3.1313930599999997,0.3260484264715062
104521:21,[0.22222222 0.0 0.0 0.0 0.11111111 0.22222222 0.22222222],[0.2482146  0.15505704 0.08990534 0.09223266 0.09140173 0.12381834 0.19937037],2.88888886,2.79248654,0.22782035359089078
104819:118,[0.0 0.33333333 0.0 0.0 0.11111111 0.22222222 0.22222222],[0.23585154 0.13578312 0.07665762 0.09410894 0.09077829 0.14300883 0.2238116 ],3.22222219,2.99245209,0.34069873574263904
105339:114,[0.11111111 0.22222222 0.0 0.33333333 0.11111111 0.22222222 0.0],[0.29664308 0.19327493 0.09423929 0.11019363 0.09095921 0.11104653 0.10364334],2.77777775,2.25326393,0.34269593232654627
105465:58,[0.22222222 0.11111111 0.11111111 0.0 0.0 0.0 0.44444444],[0.27049476 0.14975704 0.08414566 0.09979207 0.08912612 0.12544018 0.18124418],2.9999999699999997,2.68859503,0.3278146116953274
106103:34,[0.11111111 0.0 0.0 0.0 0.0 0.33333333 0.33333333],[0.1727901  0.09012637 0.06046601 0.07050581 0.08367039 0.12743974 0.39500159],3.66666663,3.76446562,0.27156978264000764
106206:40,[0.55555556 0.11111111 0.0 0.0 0.0 0.22222222 0.0],[0.30715382 0.15758155 0.08089306 0.08922539 0.08128286 0.11111817 0.17274512],1.22222221,2.50423685,0.3565945503588542
106229:80,[0.0 0.0 0.22222222 0.0 0.11111111 0.11111111 0.22222222],[0.36556122 0.15096276 0.06737153 0.0837751  0.06871018 0.10810673 0.15551254],2.7777777500000003,2.2854807299999997,0.4400895484079846
106499:91,[0.0 0.33333333 0.22222222 0.0 0.0 0.0 0.44444444],[0.22023028 0.09514133 0.04941003 0.05677642 0.06836165 0.13006461 0.38001564],3.44444441,3.56815414,0.40505013048770333
106753:24,[0.11111111 0.22222222 0.11111111 0.0 0.22222222 0.0 0.33333333],[0.21753083 0.11053056 0.07149428 0.08199418 0.0874707  0.13904977 0.29192966],3.3333333,3.29621127,0.26702021844869256
106986:61,[0.11111111 0.0 0.11111111 0.22222222 0.0 0.11111111 0.33333333],[0.20456101 0.08605739 0.04913963 0.05744381 0.06708351 0.13765445 0.39806023],3.44444441,3.70163575,0.2377508458765737
107022:8,[0.22222222 0.22222222 0.0 0.11111111 0.0 0.0 0.0],[0.24516998 0.1160804  0.07475928 0.08371083 0.08278713 0.13306004 0.2644324 ],0.55555555,3.09977457,0.33558246116316226
107430:41,[0.0 0.22222222 0.0 0.0 0.11111111 0.11111111 0.55555556],[0.24285454 0.1046103  0.05874241 0.06879134 0.07614899 0.12941563 0.31943676],4.555555569999999,3.29676381,0.37189152116856133
10846:33,[0.33333333 0.0 0.11111111 0.11111111 0.0 0.11111111 0.33333333],[0.2316476  0.14446132 0.08916193 0.10646015 0.10241868 0.13134009 0.19451015],3.1111110799999997,2.8756017,0.24876320375703576
108877:61,[0.33333333 0.0 0.11111111 0.22222222 0.0 0.22222222 0.11111111],[0.31909761 0.14588997 0.07312444 0.09030604 0.07371504 0.11074178 0.1871251 ],2.66666664,2.5343766299999997,0.2529255365013899
109756:31,[0.55555556 0.0 0.11111111 0.11111111 0.0 0.0 0.22222222],[0.16889049 0.092255   0.06839399 0.07421397 0.08842765 0.15093674 0.35688215],1.8888888700000002,3.7013720900000004,0.4581939089275783
109881:25,[0.0 0.22222222 0.0 0.22222222 0.0 0.22222222 0.33333333],[0.19227783 0.08652474 0.05294678 0.06160732 0.07058214 0.13129045 0.40477067],3.99999996,3.74464509,0.3199043551295071
110659:25,[0.55555556 0.11111111 0.0 0.22222222 0.0 0.0 0.0],[0.29688567 0.15390162 0.0739885  0.08703911 0.08727184 0.10658709 0.19432619],0.7777777699999999,2.6109758999999997,0.3863026805909636
110752:48,[0.33333333 0.22222222 0.11111111 0.11111111 0.0 0.0 0.11111111],[0.30621213 0.15844099 0.07110375 0.08507893 0.07396698 0.11463556 0.19056159],1.44444443,2.56830054,0.17890408759594986
110930:97,[0.0 0.11111111 0.11111111 0.11111111 0.22222222 0.0 0.22222222],[0.25970072 0.08019069 0.03010388 0.03714116 0.04042218 0.09605043 0.45639104],2.8888888600000002,3.6321090400000005,0.42136235838545083
110943:19,[0.22222222 0.11111111 0.11111111 0.0 0.0 0.22222222 0.33333333],[0.21985468 0.12031276 0.08188227 0.08583049 0.0959907  0.13068444 0.26544467],3.44444441,3.17162179,0.17468177787100117
111042:70,[0.33333333 0.11111111 0.0 0.11111111 0.11111111 0.0 0.22222222],[0.34638724 0.15861687 0.07002322 0.07950019 0.06947602 0.11002592 0.16597062],2.2222222,2.36102128,0.1591638454410894
111953:18,[0.11111111 0.0 0.0 0.11111111 0.11111111 0.0 0.55555556],[0.18703668 0.07620717 0.04951287 0.05885234 0.06757403 0.1232287 0.43758813],4.111111129999999,3.8637583300000005,0.21852192717483726
112092:38,[0.10526316 0.21052632 0.05263158 0.10526316 0.05263158 0.42105263 0.0],[0.29684767 0.19299152 0.08567808 0.10810077 0.08875645 0.10897388 0.11865166],2.94736843,2.30045515,0.3884437999641353
112139:60,[0.66666667 0.11111111 0.11111111 0.0 0.0 0.0 0.11111111],[0.34123576 0.13319612 0.0689417  0.0765071  0.06675629 0.10990433 0.20345867],0.99999999,2.53789965,0.3729451114916951
112322:27,[0.11111111 0.11111111 0.22222222 0.0 0.22222222 0.0 0.33333333],[0.24449882 0.11527236 0.06762823 0.0778683  0.08364073 0.13626327 0.27482826],3.44444441,3.1489825499999995,0.2982745755290494
112347:54,[0.26315789 0.0 0.05263158 0.10526316 0.10526316 0.15789474 0.31578947],[0.31082889 0.14808273 0.07003734 0.07855219 0.07326245 0.10934164 0.20989475],3.5263158,2.62294048,0.19953094058006118
112417:64,[0.31578947 0.21052632 0.0 0.15789474 0.0 0.10526316 0.15789474],[0.3138631  0.14388978 0.07497614 0.08548037 0.07654066 0.12084949 0.18440044],2.15789478,2.5670959,0.1487056164539171
113966:144,[0.22222222 0.0 0.33333333 0.11111111 0.11111111 0.0 0.22222222],[0.22954628 0.10388067 0.0533349  0.06204025 0.0636319  0.13053897 0.35702702],2.77777775,3.44605579,0.35933123678865153
116286:60,[0.22222222 0.22222222 0.11111111 0.0 0.22222222 0.0 0.11111111],[0.33987129 0.12899972 0.05469409 0.06661622 0.06478211 0.09865856 0.24637803],1.9999999800000001,2.66892598,0.2880457922540369
116314:89,[0.11111111 0.33333333 0.11111111 0.0 0.44444444 0.0 0.0],[0.39646366 0.18998043 0.06007679 0.07824323 0.06628318 0.08813121 0.12082149],2.33333331,1.9755814100000002,0.5254269861505779
116923:70,[0.77777778 0.0 0.0 0.11111111 0.11111111 0.0 0.0],[0.2912899  0.14651103 0.05946441 0.068902   0.06698462 0.11246324 0.25438485],0.7777777699999999,2.82870963,0.5854573799199526
11792:29,[0.22222222 0.0 0.0 0.11111111 0.11111111 0.0 0.33333333],[0.28365153 0.127408   0.05857798 0.07646201 0.07559158 0.12695459 0.2513544 ],2.77777775,2.91921566,0.2207667283813401
117982:68,[0.55555556 0.0 0.0 0.11111111 0.0 0.22222222 0.11111111],[0.2773847  0.15159218 0.07412302 0.08744576 0.08126464 0.12123777 0.20695195],2.11111109,2.73513461,0.3638691450822295
118023:57,[0.0 0.0 0.22222222 0.0 0.0 0.11111111 0.66666667],[0.14558235 0.07500084 0.05402284 0.06373545 0.07264261 0.14189084 0.44712511],5.00000001,4.05702817,0.33703920066519505
118494:11,[0.22222222 0.0 0.11111111 0.0 0.0 0.11111111 0.44444444],[0.29041061 0.11738937 0.05480555 0.07160623 0.07049773 0.11975528 0.27553532],3.44444441,2.9757984,0.2455659410643742
118989:29,[0.11111111 0.11111111 0.22222222 0.33333333 0.22222222 0.0 0.0],[0.14787403 0.07939406 0.06440774 0.06887447 0.08406997 0.14943603 0.40594369],2.44444442,3.9339551200000002,0.5508255921531229
119232:80,[0.22222222 0.0 0.33333333 0.11111111 0.0 0.11111111 0.11111111],[0.29230192 0.11603581 0.05197931 0.0681383  0.06833997 0.11462197 0.28858268],2.2222222,3.00237514,0.3681861707339209
119612:30,[0.11111111 0.0 0.11111111 0.0 0.11111111 0.11111111 0.55555556],[0.19658396 0.08826733 0.05757189 0.06835469 0.07580369 0.15160348 0.36181492],4.555555569999999,3.64059686,0.25111197279010566
120054:90,[0.0 0.0 0.11111111 0.11111111 0.0 0.22222222 0.55555556],[0.40662867 0.16587564 0.05953056 0.07611633 0.06083345 0.08493294 0.14608234],5.000000009999999,2.05777829,0.622064437109146
12033:60,[0.22222222 0.11111111 0.22222222 0.0 0.11111111 0.0 0.22222222],[0.33286828 0.13242319 0.05839067 0.07351591 0.06610755 0.11290509 0.22378933],2.33333331,2.64144389,0.2443715546873539
120851:76,[0.0 0.0 0.11111111 0.11111111 0.22222222 0.22222222 0.33333333],[0.35159457 0.15590426 0.07369237 0.08950931 0.07332354 0.10365729 0.1523187 ],4.55555551,2.29730974,0.4677461230322965
121244:63,[0.33333333 0.0 0.0 0.11111111 0.22222222 0.11111111 0.11111111],[0.29648596 0.15148248 0.07804915 0.08829843 0.07410508 0.12262532 0.18895353],2.44444442,2.61574417,0.24299684185711612
121355:48,[0.44444444 0.0 0.0 0.0 0.0 0.22222222 0.0],[0.30574015 0.17035431 0.08792098 0.10140481 0.08735466 0.11148916 0.13573597],1.1111111,2.3716909600000005,0.3234028539883296
1214:60,[0.55555556 0.0 0.11111111 0.0 0.22222222 0.11111111 0.0],[0.27962241 0.17526558 0.09154636 0.10530039 0.0913748  0.11842275 0.13846776],1.6666666499999998,2.46267898,0.3932885789568991
122138:110,[0.22222222 0.22222222 0.0 0.22222222 0.11111111 0.0 0.11111111],[0.39079431 0.19452345 0.07112589 0.08350022 0.06482697 0.08218429 0.11304484],1.99999998,1.9357742599999999,0.24977324786459756
122789:26,[0.11111111 0.22222222 0.11111111 0.0 0.0 0.11111111 0.44444444],[0.16109326 0.06597738 0.05043428 0.05746602 0.0706753  0.13939627 0.45495749],3.66666663,4.04867149,0.19950002261993732
122921:24,[0.11111111 0.11111111 0.22222222 0.0 0.11111111 0.22222222 0.22222222],[0.20499338 0.09243763 0.06912773 0.08010533 0.08807021 0.14290226 0.32236347],3.44444441,3.47198204,0.2363644967358812
122984:94,[0.22222222 0.11111111 0.11111111 0.22222222 0.22222222 0.0 0.11111111],[0.35129067 0.19602746 0.07362707 0.09091303 0.07404908 0.1000457 0.11404692],2.55555553,2.0967270300000003,0.27292791796041754
123350:27,[0.0 0.11111111 0.0 0.0 0.0 0.33333333 0.55555556],[0.2188984  0.10272883 0.05707221 0.07390837 0.07926083 0.12352852 0.34460273],5.1111111199999995,3.44090066,0.3892401449071425
123561:35,[0.0 0.0 0.0 0.11111111 0.11111111 0.44444444 0.11111111],[0.28165188 0.12286431 0.06907401 0.08306209 0.08254458 0.12354521 0.23725788],3.66666663,2.88165025,0.468707538441636
12595:51,[0.0 0.0 0.22222222 0.0 0.0 0.22222222 0.55555556],[0.22792381 0.0965286  0.0487114  0.06100342 0.06515609 0.12415487 0.37652186],4.8888888999999995,3.51749153,0.3755130392242665
125982:22,[0.11111111 0.0 0.0 0.22222222 0.44444444 0.11111111 0.11111111],[0.20891395 0.10854273 0.07720908 0.08769667 0.0966533  0.14577816 0.27520609],3.66666663,3.29279144,0.44101352503587676
126265:70,[0.44444444 0.11111111 0.0 0.0 0.11111111 0.0 0.33333333],[0.1755244  0.08563128 0.06512593 0.07299335 0.08403941 0.15536593 0.36131975],2.55555553,3.71576898,0.3289244813070155
126305:39,[0.33333333 0.22222222 0.0 0.22222222 0.11111111 0.11111111 0.0],[0.16578855 0.0574711  0.03635392 0.03960862 0.05230571 0.10950024 0.53897184],1.88888887,4.23955988,0.6195440529414609
1265:65,[0.33333333 0.0 0.0 0.11111111 0.11111111 0.11111111 0.33333333],[0.22304623 0.13543287 0.0919205  0.10036337 0.09292565 0.14167501 0.21463631],3.3333333,2.98825949,0.23328961492896869
126911:45,[0.11111111 0.0 0.0 0.22222222 0.0 0.0 0.66666667],[0.22355343 0.09863251 0.07207102 0.08096729 0.08621581 0.14376567 0.29479432],4.66666668,3.31813393,0.46250363564847286
127140:45,[0.11111111 0.22222222 0.11111111 0.11111111 0.22222222 0.11111111 0.0],[0.33444676 0.17592013 0.08444413 0.09609961 0.08296131 0.10747679 0.11865132],2.2222222,2.2142443299999996,0.29401379921271364
127327:49,[0.44444444 0.22222222 0.22222222 0.0 0.0 0.0 0.0],[0.26634634 0.12004253 0.06885157 0.08149423 0.07950208 0.13060752 0.25315571],0.66666666,2.99220854,0.39973767221429407
128452:34,[0.11111111 0.33333333 0.0 0.11111111 0.0 0.0 0.44444444],[0.34289771 0.13246949 0.0557106  0.06463478 0.0626325  0.10590877 0.2357461 ],3.3333332999999996,2.6323454799999997,0.39752927577683256
128489:81,[0.0 0.22222222 0.0 0.22222222 0.0 0.0 0.44444444],[0.18544182 0.07745706 0.04945994 0.05191365 0.06283125 0.13621122 0.43668509],3.5555555199999995,3.8846095300000005,0.3306937930742878
128768:129,[0.22222222 0.0 0.0 0.0 0.11111111 0.11111111 0.55555556],[0.34700379 0.17373861 0.0710739  0.09105281 0.0733789  0.10597531 0.13777664],4.33333335,2.2390968300000003,0.48485769087021147
128793:82,[0.66666667 0.11111111 0.0 0.0 0.0 0.0 0.0],[0.43578842 0.18932658 0.05930581 0.0722624  0.05707965 0.07913508 0.107102  ],0.11111111,1.7913313999999998,0.29858456986024645
129330:26,[0.33333333 0.33333333 0.22222222 0.0 0.0 0.0 0.11111111],[0.31285042 0.12257687 0.06041843 0.06796691 0.07072319 0.11355659 0.25190759],1.44444443,2.80943571,0.33668727309434565
129802:73,[0.0 0.0 0.22222222 0.33333333 0.22222222 0.11111111 0.11111111],[0.29071096 0.12413886 0.04131182 0.05582766 0.05600161 0.10129579 0.33071336],3.55555552,3.08901103,0.5344268597638662
130353:76,[0.11111111 0.0 0.22222222 0.11111111 0.11111111 0.22222222 0.22222222],[0.2978484  0.16659437 0.08449151 0.10143033 0.08956079 0.12021225 0.13986242],3.66666663,2.43834731,0.31518494966970867
131265:36,[0.11111111 0.33333333 0.0 0.11111111 0.11111111 0.22222222 0.11111111],[0.26856315 0.12040854 0.06692392 0.07782492 0.08676094 0.12563027 0.25388822],2.88888886,2.98625557,0.3256119336470512
133415:190,[0.33333333 0.22222222 0.11111111 0.0 0.11111111 0.11111111 0.11111111],[0.27087343 0.2035329  0.09183429 0.11823374 0.09394991 0.11487447 0.10670121],2.11111109,2.33228195,0.13758437315230243
133422:57,[0.55555556 0.22222222 0.0 0.11111111 0.0 0.11111111 0.0],[0.38737282 0.18419856 0.06671692 0.08996772 0.06889436 0.09219973 0.11064991],1.1111111,1.9880111100000002,0.22798442671595748
13362:27,[0.15789474 0.15789474 0.10526316 0.0 0.15789474 0.31578947 0.05263158],[0.14966743 0.07188762 0.05517437 0.05861225 0.07472801 0.13828109 0.45164919],2.89473685,4.05828574,0.45940197985368597
13389:122,[0.0 0.22222222 0.0 0.11111111 0.11111111 0.11111111 0.11111111],[0.35744998 0.21546492 0.08472898 0.09743769 0.07481501 0.09114339 0.07896005],2.2222222,1.9059732400000002,0.37139186736917007
134333:22,[0.11111111 0.0 0.11111111 0.11111111 0.0 0.66666667 0.0],[0.28714696 0.15272291 0.08417592 0.10038714 0.09081884 0.11741569 0.16733253],3.8888889000000004,2.5765851600000005,0.6269595617287407
135991:11,[0.22222222 0.0 0.0 0.0 0.22222222 0.0 0.55555556],[0.23231007 0.10787958 0.06952576 0.0807517  0.08433631 0.14044628 0.28475028],4.22222224,3.23726452,0.36765149023676125
136285:25,[0.22222222 0.11111111 0.33333333 0.11111111 0.0 0.11111111 0.11111111],[0.20643157 0.09765603 0.07188877 0.07812905 0.08574244 0.13970256 0.32044956],2.3333333099999995,3.44000064,0.3490892174205968
136298:23,[0.22222222 0.11111111 0.0 0.11111111 0.11111111 0.11111111 0.0],[0.34747604 0.14036915 0.05891773 0.07226197 0.06550274 0.10310319 0.21236916],1.44444443,2.52673239,0.2622403806285664
137234:56,[0.0 0.11111111 0.0 0.0 0.0 0.11111111 0.44444444],[0.33129284 0.12425992 0.06026476 0.07079156 0.07015802 0.12853543 0.2146975 ],3.3333332999999996,2.6686583500000003,0.4202148669929698
137750:18,[0.22222222 0.22222222 0.0 0.11111111 0.11111111 0.22222222 0.11111111],[0.17273101 0.08579315 0.06662194 0.07537426 0.08446869 0.13664855 0.37836236],2.77777775,3.73645148,0.32593523668499375
137818:79,[0.33333333 0.11111111 0.0 0.11111111 0.0 0.11111111 0.22222222],[0.2722286  0.12764455 0.07004426 0.08526868 0.07908547 0.13641317 0.22931524],2.3333333099999995,2.89783828,0.12855422572573763
138235:84,[0.11111111 0.0 0.11111111 0.11111111 0.44444444 0.11111111 0.11111111],[0.23243935 0.14055866 0.07712505 0.09342666 0.08765015 0.14823644 0.22056368],3.55555552,2.99025362,0.42024444238138026
138388:14,[0.0625 0.0625 0.0 0.125 0.0625 0.125 0.5625],[0.15940452 0.09257227 0.0729004  0.08119057 0.09260203 0.1399094 0.36142078],4.6875,3.7204245799999995,0.24308401228949117
138712:57,[0.55555556 0.11111111 0.0 0.11111111 0.0 0.11111111 0.11111111],[0.26772118 0.19123012 0.10504264 0.12611446 0.09270313 0.11882043 0.09836806],1.6666666499999998,2.33478181,0.3306696721090677
139014:49,[0.22222222 0.22222222 0.0 0.0 0.11111111 0.0 0.44444444],[0.30605483 0.12575753 0.06245152 0.07270769 0.06584378 0.12977213 0.23741251],3.3333332999999996,2.80549447,0.2954185173296444
139390:26,[0.33333333 0.11111111 0.0 0.11111111 0.0 0.11111111 0.0],[0.22197101 0.09551574 0.06801264 0.07860836 0.08447477 0.13978685 0.31163064],0.99999999,3.37398327,0.3512817536628703
139418:63,[0.22222222 0.11111111 0.11111111 0.0 0.22222222 0.0 0.22222222],[0.37318379 0.16609439 0.06705728 0.08222408 0.07277565 0.09646882 0.14219597],2.55555553,2.17350371,0.2693674203981588
139715:64,[0.21052632 0.10526316 0.05263158 0.10526316 0.05263158 0.31578947 0.10526316],[0.18563394 0.09194502 0.06956439 0.08074681 0.0864439  0.16044626 0.32521972],2.94736843,3.5726394499999996,0.27448214708950147
13998:38,[0.0 0.0 0.33333333 0.0 0.22222222 0.0 0.44444444],[0.28430241 0.13296798 0.07787105 0.08654813 0.08146912 0.11899774 0.21784356],4.22222218,2.77628101,0.506537022781036
140033:105,[0.22222222 0.11111111 0.11111111 0.0 0.0 0.11111111 0.44444444],[0.23211254 0.07412869 0.03470982 0.04423627 0.0502627  0.11644103 0.44810891],3.5555555199999995,3.7481665500000005,0.10875522017270298
14012:39,[0.0 0.22222222 0.11111111 0.11111111 0.11111111 0.0 0.33333333],[0.22273773 0.07395038 0.03962427 0.04789406 0.05686745 0.11728899 0.4416371 ],3.22222219,3.76061845,0.3303516112085049
140143:61,[0.44444444 0.0 0.11111111 0.0 0.22222222 0.0 0.22222222],[0.17288163 0.07476214 0.05370116 0.06200782 0.07233353 0.15558667 0.40872714],2.44444442,3.8878182299999997,0.40979815264156816
14141:68,[0.11111111 0.44444444 0.0 0.22222222 0.11111111 0.0 0.11111111],[0.29823264 0.17753968 0.07586454 0.09387569 0.08028522 0.1089756 0.16522659],2.2222222,2.4682742500000003,0.3797832015215174
14175:23,[0.11111111 0.22222222 0.11111111 0.0 0.0 0.11111111 0.44444444],[0.20053801 0.10522729 0.07502947 0.08706862 0.09766596 0.14410608 0.29036462],3.66666663,3.36987405,0.2548248656280697
142177:29,[0.33333333 0.11111111 0.0 0.11111111 0.11111111 0.11111111 0.22222222],[0.27466488 0.11231677 0.06742706 0.08378032 0.07861704 0.13430031 0.24889369],2.77777775,2.9778437,0.10507993165905466
14253:43,[0.22222222 0.11111111 0.11111111 0.11111111 0.22222222 0.0 0.22222222],[0.30346593 0.20036045 0.08909472 0.10483237 0.08671948 0.1007743 0.11475279],2.8888888600000002,2.23231316,0.23485369825093644
143249:92,[0.44444444 0.11111111 0.0 0.0 0.0 0.33333333 0.0],[0.25798175 0.11364882 0.06302589 0.07945931 0.07573259 0.14001457 0.27013707],1.77777776,3.10190416,0.4014254902647302
1433:51:00,[0.44444444 0.22222222 0.0 0.0 0.22222222 0.0 0.11111111],[0.2749556  0.1209126  0.04988032 0.06261595 0.06450851 0.11259902 0.31452811],1.77777776,3.1167188900000005,0.35260394073623086
143409:35,[0.0 0.11111111 0.22222222 0.22222222 0.11111111 0.0 0.33333333],[0.12951158 0.0722347  0.05605092 0.05982767 0.07652866 0.14471664 0.46112987],3.66666663,4.16029661,0.3327766860806819
143849:35,[0.44444444 0.11111111 0.0 0.22222222 0.0 0.11111111 0.11111111],[0.24608092 0.09792218 0.05042408 0.06519034 0.0723138  0.12294631 0.34512231],1.99999998,3.3690619699999997,0.35616601813822174
144163:103,[0.11111111 0.11111111 0.11111111 0.11111111 0.22222222 0.11111111 0.22222222],[0.31551796 0.14420688 0.06640831 0.08899022 0.08213409 0.12514561 0.17759687],3.44444441,2.56383979,0.25918764947585154
144961:19,[0.44444444 0.11111111 0.11111111 0.0 0.11111111 0.0 0.11111111],[0.29146907 0.13025074 0.07799919 0.09097221 0.08627781 0.12255882 0.20047213],1.44444443,2.71990387,0.23824961814380122
14511:27,[0.10526316 0.10526316 0.05263158 0.21052632 0.05263158 0.21052632 0.26315789],[0.30541804 0.13578039 0.06330901 0.07439697 0.07225339 0.11720277 0.23163943],3.68421054,2.75045331,0.26405718791686944
145555:164,[0.11111111 0.44444444 0.0 0.11111111 0.0 0.11111111 0.22222222],[0.24984872 0.14409484 0.08050837 0.08711301 0.07722143 0.13979588 0.2214178 ],2.66666664,2.90282253,0.35114402382081517
145702:45,[0.22222222 0.11111111 0.11111111 0.22222222 0.0 0.0 0.22222222],[0.2704246  0.15733695 0.08623213 0.09892076 0.09212413 0.1316433 0.16331813],2.33333331,2.63318529,0.22264100473007437
145722:85,[0.33333333 0.22222222 0.0 0.22222222 0.11111111 0.0 0.11111111],[0.37125531 0.15762235 0.068161   0.09023598 0.07133019 0.10896463 0.13243051],1.99999998,2.18937926,0.20393096440932704
14639:25,[0.05263158 0.10526316 0.05263158 0.0 0.10526316 0.10526316 0.47368421],[0.26918912 0.11972131 0.07154422 0.07990012 0.08102394 0.13724816 0.24137323],4.00000002,2.9610860500000005,0.3307973621415789
147141:84,[0.22222222 0.11111111 0.11111111 0.0 0.11111111 0.22222222 0.22222222],[0.26572543 0.14284123 0.0722348  0.08663596 0.0826148  0.12602974 0.2239181 ],3.22222219,2.8513352100000002,0.1482713584647996
147927:43,[0.11111111 0.22222222 0.22222222 0.0 0.22222222 0.11111111 0.11111111],[0.25591469 0.09715453 0.0487046  0.05785436 0.06126994 0.13314469 0.34595719],2.7777777500000003,3.3546731600000004,0.38937037850921286
150048:18,[0.11111111 0.11111111 0.11111111 0.0 0.22222222 0.11111111 0.33333333],[0.2097954  0.08857726 0.06213924 0.07269672 0.08155602 0.13300808 0.3522273 ],3.77777774,3.5355741800000002,0.19634882189273176
150350:31,[0.42105263 0.10526316 0.15789474 0.15789474 0.0 0.0 0.15789474],[0.34367096 0.18987936 0.08216596 0.08839856 0.07692838 0.10095116 0.11800563],1.8421053,2.13991006,0.2035009699256291
150405:11,[0.44444444 0.11111111 0.0 0.11111111 0.11111111 0.0 0.22222222],[0.26339078 0.13792861 0.08306938 0.08662352 0.08961476 0.11663093 0.22274207],2.2222222,2.84200404,0.23465912981013118
150670:77,[0.11111111 0.11111111 0.11111111 0.22222222 0.0 0.11111111 0.33333333],[0.31095827 0.13209607 0.07367467 0.08814967 0.07836588 0.12276234 0.19399308],3.5555555199999995,2.63512812,0.29231636832102487
151239:56,[0.11111111 0.0 0.0 0.22222222 0.22222222 0.11111111 0.33333333],[0.16976273 0.0722859  0.03715932 0.04518706 0.0558779  0.11571079 0.50401628],4.11111107,4.10832895,0.3133875972012768
151277:32,[0.0 0.11111111 0.0 0.33333333 0.0 0.11111111 0.33333333],[0.28022206 0.11261471 0.05592532 0.07467112 0.07310957 0.11265904 0.29079819],3.66666663,3.04900133,0.394610044817006
151366:42,[0.44444444 0.11111111 0.11111111 0.22222222 0.0 0.0 0.11111111],[0.33291885 0.13895549 0.05573798 0.06726399 0.06922446 0.10029344 0.23560576],1.6666666499999998,2.64422302,0.2657841626980622
151776:116,[0.11111111 0.0 0.0 0.11111111 0.0 0.11111111 0.66666667],[0.24793366 0.12439713 0.0720215  0.08304341 0.07948428 0.13300882 0.26011121],4.8888889,3.06121884,0.4607109190288999
151803:31,[0.22222222 0.22222222 0.0 0.22222222 0.0 0.0 0.33333333],[0.23155862 0.10351098 0.07187982 0.07921218 0.08724079 0.14492014 0.28167748],2.88888886,3.2485359,0.2666068944869915
152062:17,[0.22222222 0.11111111 0.22222222 0.0 0.11111111 0.0 0.33333333],[0.17736998 0.08653148 0.06523273 0.07258647 0.08717416 0.14186728 0.3692379 ],2.99999997,3.7082167900000007,0.2334926510583605
152148:57,[0.33333333 0.22222222 0.0 0.0 0.11111111 0.22222222 0.11111111],[0.34280804 0.15256827 0.06723996 0.07211702 0.07283835 0.10520168 0.1872267 ],2.44444442,2.4441212500000002,0.18872125915123047
152368:30,[0.33333333 0.11111111 0.22222222 0.0 0.0 0.11111111 0.0],[0.30621606 0.1629931  0.0781217  0.08861953 0.08178235 0.11637272 0.16589455],1.1111111,2.4894553900000003,0.25745389336990304
152534:46,[0.0 0.22222222 0.22222222 0.11111111 0.11111111 0.11111111 0.11111111],[0.20540242 0.09937103 0.05610622 0.06105769 0.07029831 0.13250777 0.3752566 ],2.66666664,3.59002823,0.39909745793014595
152986:22,[0.25 0.125 0.0625 0.0 0.0625 0.0625 0.4375],[0.23414126 0.1213918  0.07506458 0.07766542 0.0856407  0.12879522 0.27730101],3.4375,3.1548621800000003,0.19248004952290224
153155:30,[0.0 0.11111111 0.11111111 0.11111111 0.0 0.11111111 0.44444444],[0.18303436 0.08450256 0.05919331 0.06589916 0.07663074 0.14333874 0.38740107],3.88888885,3.74820974,0.22161680162540925
153451:44,[0.0 0.11111111 0.22222222 0.33333333 0.11111111 0.0 0.22222222],[0.27212477 0.11199954 0.06466048 0.07806321 0.07378659 0.1329367 0.26642868],3.3333332999999996,3.0339120699999995,0.4301868349193311
15370:23,[0.11111111 0.0 0.0 0.11111111 0.0 0.11111111 0.66666667],[0.17372282 0.07269455 0.05165071 0.05894146 0.07177832 0.12545873 0.4457534 ],4.8888889,3.9417476799999998,0.26221145348217134
153770:93,[0.11111111 0.11111111 0.33333333 0.11111111 0.0 0.22222222 0.11111111],[0.22788604 0.10781561 0.05385623 0.06324732 0.06878744 0.13442282 0.3439846 ],2.88888886,3.41644149,0.4008941821743272
15459:47,[0.33333333 0.22222222 0.0 0.22222222 0.0 0.22222222 0.0],[0.25653529 0.16384104 0.10119878 0.1085488  0.09840307 0.12862881 0.14284426],1.99999998,2.58570689,0.26705151901799656
154873:15,[0.11111111 0.44444444 0.0 0.11111111 0.0 0.11111111 0.22222222],[0.2044396  0.11420827 0.08564448 0.09173664 0.09830588 0.131534 0.27413115],2.66666664,3.25638757,0.37182275287624844
155785:58,[0.11111111 0.22222222 0.0 0.11111111 0.22222222 0.33333333 0.0],[0.28569391 0.10781708 0.06575131 0.07697717 0.07425431 0.13194096 0.25756526],3.1111110799999997,2.97236481,0.42172183128663365
155799:32,[0.22222222 0.11111111 0.0 0.11111111 0.0 0.0 0.55555556],[0.15028255 0.0554878  0.03671242 0.04083827 0.05281423 0.11376833 0.55009645],3.7777777999999995,4.33210472,0.17411984448207188
155977:76,[0.11111111 0.33333333 0.0 0.22222222 0.11111111 0.22222222 0.0],[0.31922853 0.19742343 0.07802716 0.09041535 0.08018388 0.11149969 0.123222  ],2.55555553,2.24228977,0.3371131614034117
156208:29,[0.22222222 0.22222222 0.0 0.11111111 0.11111111 0.22222222 0.11111111],[0.16256259 0.06332794 0.03883841 0.0461133  0.06214232 0.11905541 0.50796002],2.77777775,4.17095111,0.4528467638312189
157431:41,[0.33333333 0.0 0.22222222 0.0 0.0 0.11111111 0.11111111],[0.35588676 0.17010206 0.07566698 0.09323265 0.08247975 0.10042968 0.12220217],1.66666665,2.16641439,0.2581746446445111
157948:33,[0.55555556 0.11111111 0.11111111 0.0 0.0 0.0 0.11111111],[0.41050211 0.18789883 0.06015357 0.07874062 0.06176277 0.08149669 0.11944538],0.99999999,1.91563464,0.21508004025478233
158077:187,[0.0 0.22222222 0.0 0.22222222 0.11111111 0.0 0.33333333],[0.27107349 0.17113626 0.09019561 0.11301126 0.09029774 0.12101905 0.1432666 ],3.3333332999999996,2.51644707,0.3838711539355981
158123:56,[0.11111111 0.11111111 0.0 0.33333333 0.22222222 0.11111111 0.11111111],[0.19804323 0.09286258 0.0514135  0.0676915  0.07219559 0.12572215 0.39207146],3.2222221899999997,3.66858595,0.42750359370888935
159108:25,[0.33333333 0.0 0.0 0.0 0.11111111 0.0 0.55555556],[0.16272005 0.08241139 0.05683711 0.06319901 0.07629982 0.13004763 0.42848498],3.7777777999999995,3.91202995,0.27820180577027187
159146:81,[0.11111111 0.33333333 0.0 0.0 0.0 0.0 0.44444444],[0.33314711 0.16901202 0.07496104 0.08789933 0.07152637 0.10775521 0.15569891],2.9999999699999997,2.34170708,0.43560086768847067
159321:28,[0.22222222 0.11111111 0.0 0.22222222 0.0 0.0 0.33333333],[0.18789396 0.10693553 0.07163266 0.07749741 0.09081343 0.14407216 0.32115489],2.77777775,3.4932369400000005,0.23753853217412915
159476:33,[0.22222222 0.22222222 0.0 0.11111111 0.22222222 0.0 0.11111111],[0.36688036 0.1779981  0.08703186 0.10219985 0.07919282 0.09309295 0.09360407],2.11111109,2.00252182,0.24487937545147673
160767:43,[0.26315789 0.15789474 0.05263158 0.15789474 0.21052632 0.0 0.10526316],[0.24085307 0.18359217 0.10553198 0.11329559 0.09975296 0.1252442 0.13173014],2.21052636,2.55015658,0.1860181371650888
162268:64,[0.0 0.11111111 0.0 0.11111111 0.33333333 0.33333333 0.0],[0.21981607 0.08678033 0.05081393 0.05975284 0.06431555 0.13426292 0.38425836],3.4444444099999996,3.6017936699999997,0.5601650651269474
163049:87,[0.33333333 0.11111111 0.11111111 0.0 0.22222222 0.0 0.11111111],[0.24730782 0.14819025 0.0916324  0.09432034 0.09215242 0.13466965 0.19172719],1.88888887,2.80673714,0.2441393404034022
163402:100,[0.22222222 0.0 0.22222222 0.0 0.0 0.22222222 0.33333333],[0.35885125 0.1795122  0.08405743 0.10280947 0.07806161 0.09427884 0.1024292 ],3.55555552,2.05427131,0.3953874793132419
163866:106,[0.0 0.33333333 0.0 0.0 0.11111111 0.33333333 0.0],[0.37342125 0.19424205 0.07181021 0.08928341 0.06992795 0.10034958 0.10096557],2.44444442,1.99296582,0.48794423292231465
163926:23,[0.22222222 0.11111111 0.0 0.11111111 0.22222222 0.0 0.33333333],[0.15990037 0.07299139 0.0530547  0.06019391 0.07364175 0.13000685 0.45021102],3.3333333,4.00554989,0.251759448721017
164042:75,[0.11111111 0.0 0.11111111 0.11111111 0.44444444 0.22222222 0.0],[0.3107886  0.11762689 0.05785247 0.07318071 0.0671927  0.12458199 0.24877669],3.44444441,2.8372148499999996,0.521272207754661
164097:49,[0.33333333 0.11111111 0.0 0.0 0.0 0.22222222 0.33333333],[0.3058227  0.14874181 0.08325064 0.10114326 0.08382302 0.12396953 0.15324895],3.22222219,2.4933062999999995,0.26161767169567307
164180:99,[0.22222222 0.33333333 0.22222222 0.0 0.0 0.0 0.11111111],[0.3736501  0.19045113 0.07659174 0.08621199 0.07276083 0.09235506 0.10797917],1.44444443,2.00296422,0.2929502933621692
164352:51,[0.11111111 0.0 0.22222222 0.0 0.0 0.33333333 0.22222222],[0.2482429  0.10248746 0.05103119 0.0645886  0.07131799 0.12600018 0.3363317 ],3.44444441,3.3315786999999997,0.35196750915490704
164667:49,[0.11111111 0.0 0.22222222 0.11111111 0.0 0.11111111 0.22222222],[0.23104589 0.11767317 0.0693986  0.0783806  0.08397609 0.14532933 0.27419636],2.66666664,3.19934134,0.2521544229369334
164864:140,[0.33333333 0.11111111 0.0 0.0 0.22222222 0.11111111 0.22222222],[0.27110124 0.13561016 0.04864834 0.0620785  0.06151912 0.12437336 0.29666924],2.88888886,3.0671010599999997,0.20551683637899132
165043:58,[0.44444444 0.0 0.0 0.22222222 0.0 0.11111111 0.22222222],[0.2559467  0.10363707 0.05612437 0.06498939 0.06590206 0.12349793 0.32990244],2.55555553,3.27136651,0.3003925641593059
165876:47,[0.11111111 0.11111111 0.11111111 0.0 0.33333333 0.0 0.33333333],[0.29158854 0.18429798 0.08962921 0.1009132  0.0842317  0.11573179 0.13360754],3.66666663,2.38352699,0.40485704528640337
166827:24,[0.0 0.11111111 0.22222222 0.0 0.22222222 0.22222222 0.22222222],[0.1509221  0.07906189 0.0627929  0.06815589 0.08211803 0.14202057 0.41492867],3.88888885,3.93726235,0.342147381662134
169332:97,[0.11111111 0.0 0.22222222 0.22222222 0.0 0.33333333 0.11111111],[0.33879092 0.19531068 0.07963211 0.09976838 0.07363445 0.09610846 0.11675501],3.44444441,2.1294902,0.4324820976465796
169391:49,[0.33333333 0.11111111 0.0 0.0 0.11111111 0.22222222 0.11111111],[0.24028404 0.16046643 0.1034758  0.10637594 0.10029274 0.12442295 0.16468203],2.33333331,2.6979237400000002,0.21370254465018962
169514:73,[0.0 0.0 0.0 0.11111111 0.33333333 0.22222222 0.33333333],[0.20874178 0.09417082 0.05659058 0.06981325 0.07174341 0.13061437 0.36832574],4.77777773,3.56679166,0.36796064222576
169577:50,[0.11111111 0.0 0.11111111 0.11111111 0.0 0.33333333 0.33333333],[0.18749323 0.06465521 0.04032416 0.04980984 0.0580279  0.12846951 0.4712202 ],4.222222179999999,3.9965134,0.28832685145777387
170132:31,[0.11111111 0.11111111 0.22222222 0.11111111 0.0 0.11111111 0.22222222],[0.29345161 0.11869258 0.06742498 0.07312088 0.07707775 0.12900318 0.241229  ],2.7777777500000003,2.87360608,0.25560387930271555
170872:72,[0.11111111 0.22222222 0.0 0.11111111 0.0 0.22222222 0.11111111],[0.33864707 0.14144644 0.06191197 0.07894722 0.06841816 0.10929081 0.20133838],2.33333331,2.53026901,0.2978933631536117
171214:55,[0.33333333 0.11111111 0.11111111 0.11111111 0.11111111 0.0 0.11111111],[0.15217029 0.07783421 0.05273179 0.05458953 0.07017932 0.14485151 0.44764331],1.77777776,4.03790107,0.42004943300013464
171916:24,[0.11111111 0.22222222 0.11111111 0.11111111 0.11111111 0.11111111 0.22222222],[0.15168227 0.06682327 0.04997244 0.05434269 0.06995057 0.13249235 0.47473639],3.11111108,4.12047859,0.3141181253785453
172264:108,[0.22222222 0.22222222 0.0 0.0 0.11111111 0.11111111 0.11111111],[0.31640869 0.18129706 0.09265423 0.09913696 0.0829374  0.10461897 0.12294664],1.88888887,2.25654069,0.17301701827954843
172615:77,[0.0 0.22222222 0.11111111 0.33333333 0.0 0.22222222 0.11111111],[0.19429284 0.0829336  0.04255947 0.05202677 0.06359133 0.1227278 0.44186822],3.22222219,3.84334649,0.5141274142275926
173455:167,[0.0 0.44444444 0.0 0.11111111 0.11111111 0.0 0.33333333],[0.29753509 0.19093756 0.08950756 0.10083122 0.08421154 0.11383717 0.1231399 ],3.22222219,2.31731775,0.46773273733956966
173504:75,[0.11111111 0.11111111 0.11111111 0.0 0.11111111 0.0 0.55555556],[0.18502285 0.08087569 0.03861643 0.04346203 0.05065696 0.11307466 0.48829147],4.111111129999999,3.9862446,0.1857056633554655
173510:113,[0.22222222 0.22222222 0.0 0.0 0.0 0.22222222 0.33333333],[0.29050103 0.14963037 0.06920094 0.08181415 0.0766822  0.11719141 0.21497992],3.3333332999999996,2.71604007,0.22876419808018233
173565:96,[0.0 0.33333333 0.11111111 0.11111111 0.0 0.11111111 0.22222222],[0.3249903  0.14625232 0.07717377 0.09714318 0.07861157 0.12472063 0.15110821],2.7777777500000003,2.43672809,0.3916465829063826
173724:140,[0.22222222 0.11111111 0.0 0.22222222 0.33333333 0.0 0.11111111],[0.37586373 0.16053951 0.0615425  0.07526648 0.06296915 0.10043617 0.16338241],2.77777775,2.24377586,0.3706060604224774
174845:49,[0.22222222 0.0 0.11111111 0.0 0.22222222 0.0 0.44444444],[0.29843414 0.13293618 0.06465234 0.06628953 0.06705963 0.11378958 0.25683859],3.77777774,2.83932741,0.31976938034608565
1756:89,[0.31578947 0.10526316 0.05263158 0.21052632 0.10526316 0.10526316 0.10526316],[0.15342607 0.06893617 0.04857708 0.05279628 0.06488759 0.13978852 0.47158825],2.42105268,4.112501630000001,0.43542276818068937
175996:35,[0.11111111 0.22222222 0.0 0.11111111 0.11111111 0.11111111 0.11111111],[0.32797971 0.16363522 0.07958149 0.09742291 0.08649731 0.10419242 0.14069092],2.2222222,2.32616379,0.2418960090332461
176020:91,[0.11111111 0.0 0.0 0.11111111 0.11111111 0.22222222 0.44444444],[0.19593273 0.07127734 0.04601986 0.05503571 0.06433307 0.13886726 0.428534  ],4.55555551,3.8512967700000003,0.16409393925528268
176448:17,[0.26315789 0.10526316 0.15789474 0.10526316 0.10526316 0.05263158 0.15789474],[0.2011105  0.0935973  0.06877729 0.07248944 0.08466636 0.13713512 0.342224  ],2.3684211,3.52630524,0.23354734005638297
18325:82,[0.25 0.125 0.0 0.125 0.0 0.125 0.3125],[0.35536164 0.17510362 0.07606797 0.08676506 0.0726167  0.10174522 0.13233972],3.0,2.18076596,0.2431694697504917
18419:16,[0.11111111 0.33333333 0.22222222 0.0 0.0 0.0 0.33333333],[0.24957992 0.09349577 0.04989351 0.0595037  0.06383172 0.13495302 0.34874234],2.77777775,3.39433991,0.3639475028187207
18787:67,[0.11111111 0.33333333 0.0 0.11111111 0.11111111 0.11111111 0.0],[0.31101644 0.18431522 0.08073179 0.09447991 0.07939862 0.1156904 0.1343676 ],1.6666666499999998,2.33147061,0.2967221943992213
18798:25,[0.21052632 0.05263158 0.0 0.36842105 0.10526316 0.05263158 0.21052632],[0.21211515 0.08466391 0.05087955 0.05568791 0.06498823 0.12787904 0.40378624],3.10526319,3.6755523000000005,0.3821687937414865
19248:44,[0.33333333 0.11111111 0.0 0.22222222 0.0 0.11111111 0.11111111],[0.33287632 0.17824516 0.07962228 0.09098141 0.07604703 0.10895412 0.13327371],1.99999998,2.25903493,0.1853376147085046
19930:37,[0.22222222 0.0 0.0 0.0 0.11111111 0.22222222 0.44444444],[0.28402433 0.10699684 0.05499735 0.06804153 0.06988049 0.11498692 0.30107257],4.22222218,3.0820081100000003,0.23806942176846735
20080:60,[0.22222222 0.22222222 0.0 0.22222222 0.11111111 0.11111111 0.0],[0.44068119 0.17767799 0.06096678 0.0772129  0.0634101  0.0764406 0.10361036],1.88888887,1.78875581,0.29776786003226474
20140:22,[0.22222222 0.0 0.11111111 0.22222222 0.0 0.0 0.33333333],[0.31891909 0.16819334 0.0887163  0.10176111 0.08625825 0.10435155 0.13180038],2.88888886,2.3085023,0.334061300425069
20453:61,[0.22222222 0.0 0.22222222 0.11111111 0.0 0.0 0.22222222],[0.19263133 0.07322104 0.0485159  0.05434481 0.0597569  0.13595247 0.43557757],2.11111109,3.86554264,0.32742587934315687
2067:114,[0.33333333 0.11111111 0.11111111 0.11111111 0.0 0.0 0.33333333],[0.23613504 0.10929345 0.06960046 0.07730116 0.07783099 0.13393371 0.29590526],2.66666664,3.23682192,0.19420046434520644
2091:43:00,[0.33333333 0.11111111 0.22222222 0.11111111 0.0 0.11111111 0.0],[0.30870548 0.17464039 0.09456062 0.10109609 0.0827975  0.11347226 0.12472767],1.44444443,2.3139672200000003,0.20846649095790598
21053:31,[0.33333333 0.0 0.11111111 0.11111111 0.0 0.11111111 0.33333333],[0.18734911 0.08423987 0.06358857 0.0699922  0.08123054 0.15184151 0.36175817],3.1111110799999997,3.67607234,0.20352454986104793
22322:41,[0.22222222 0.22222222 0.0 0.11111111 0.11111111 0.11111111 0.22222222],[0.25368157 0.08887518 0.04717382 0.05698059 0.06200506 0.11560562 0.37567809],2.88888886,3.4342814699999997,0.22339855655810853
22719:47,[0.11111111 0.22222222 0.11111111 0.11111111 0.11111111 0.22222222 0.11111111],[0.17855234 0.0718851  0.04773865 0.0566405  0.06744525 0.13532922 0.44240904],2.99999997,3.93816524,0.3915968646386938
22745:68,[0.11111111 0.11111111 0.0 0.22222222 0.0 0.33333333 0.11111111],[0.17242877 0.05818793 0.03670988 0.04293206 0.05493472 0.12841937 0.50638723],3.1111110799999997,4.16056298,0.49122709684853744
23488:144,[0.11111111 0.11111111 0.0 0.22222222 0.11111111 0.11111111 0.33333333],[0.28258592 0.15141585 0.07589358 0.08770511 0.07778436 0.12392578 0.20068941],3.77777774,2.70122114,0.27157332056870015
23901:7,[0.44444444 0.11111111 0.0 0.11111111 0.0 0.11111111 0.0],[0.20628941 0.10936153 0.07844819 0.08864165 0.09425986 0.13012296 0.29287648],0.99999999,3.31709598,0.39799859129936316
2400:31:00,[0.22222222 0.0 0.11111111 0.11111111 0.11111111 0.0 0.33333333],[0.2372454  0.13160628 0.08906629 0.0979317  0.09779561 0.13481204 0.21154267],2.9999999699999997,2.93803262,0.2266939199492975
24200:82,[0.22222222 0.11111111 0.0 0.0 0.22222222 0.22222222 0.22222222],[0.37569055 0.16085699 0.0664073  0.0884467  0.07198112 0.10058329 0.1360341 ],3.44444441,2.16605722,0.28819566022761794
24421:57,[0.22222222 0.33333333 0.0 0.11111111 0.0 0.11111111 0.11111111],[0.33302784 0.1663226  0.08367942 0.09184047 0.07730007 0.10592399 0.14190562],1.88888887,2.2994568,0.2334407443834574
24732:44,[0.0 0.0 0.11111111 0.0 0.33333333 0.33333333 0.22222222],[0.16623181 0.08042385 0.04846476 0.05411552 0.0675886  0.12291872 0.46025673],4.55555551,3.98618831,0.4609870524787617
24893:119,[0.11111111 0.33333333 0.0 0.11111111 0.22222222 0.11111111 0.11111111],[0.4249815  0.16209729 0.05366267 0.0664474  0.05472561 0.08720095 0.15088457],2.77777775,2.02897944,0.4036330889424404
24941:98,[0.0 0.11111111 0.0 0.11111111 0.22222222 0.0 0.44444444],[0.25378811 0.11997327 0.06036698 0.07231286 0.07108431 0.1382159 0.28425857],3.99999996,3.1386139699999998,0.3704621909645512
24983:30,[0.0 0.22222222 0.11111111 0.0 0.33333333 0.11111111 0.11111111],[0.41918132 0.16386421 0.06301985 0.08551106 0.06127197 0.0866705 0.12048113],2.99999997,1.94776425,0.5132699789933518
25318:34,[0.33333333 0.0 0.0 0.33333333 0.0 0.11111111 0.22222222],[0.34307864 0.13959369 0.05665249 0.07251062 0.07017032 0.09712481 0.22086941],2.88888886,2.56195232,0.3097429265072003
25323:87,[0.63157895 0.0 0.10526316 0.05263158 0.15789474 0.0 0.05263158],[0.33234918 0.1108814  0.04762888 0.06501558 0.06150429 0.11303174 0.26958892],1.3157895000000002,2.82989528,0.4176673248960672
25614:31,[0.3125 0.0625 0.0625 0.125 0.125 0.0 0.3125],[0.12363412 0.05551379 0.04009142 0.04414565 0.05988519 0.12791049 0.54881942],2.9375,4.44014331,0.3452630856787183
26057:89,[0.22222222 0.0 0.0 0.0 0.22222222 0.0 0.44444444],[0.22121273 0.12389207 0.06950399 0.08067156 0.08069867 0.13443702 0.28958389],3.55555552,3.2373978500000002,0.29794795987736533
26479:17,[0.0 0.0 0.11111111 0.22222222 0.0 0.33333333 0.33333333],[0.12707068 0.05479814 0.03696937 0.04192008 0.05476523 0.11988763 0.5645889 ],4.55555551,4.460529589999999,0.3989900864475168
2700:39:00,[0.11111111 0.11111111 0.0 0.33333333 0.0 0.22222222 0.22222222],[0.22072244 0.09025607 0.04867298 0.06160002 0.06755632 0.11731138 0.39388072],3.55555552,3.59246859,0.36564245985266125
27846:151,[0.22222222 0.11111111 0.0 0.0 0.11111111 0.22222222 0.33333333],[0.28347182 0.17770141 0.09098353 0.10548655 0.08581056 0.11311309 0.14343305],3.66666663,2.4455341099999997,0.2760402741270759
29097:92,[0.33333333 0.22222222 0.11111111 0.11111111 0.0 0.11111111 0.0],[0.43538544 0.1921232  0.06142231 0.07999057 0.0606769  0.07593356 0.09446804],1.33333332,1.74412317,0.16911950158038608
29159:97,[0.0 0.0 0.0 0.11111111 0.0 0.22222222 0.66666667],[0.357418   0.1392397  0.05493857 0.07543738 0.06176494 0.12183332 0.18936805],5.444444450000001,2.46786364,0.6270031849808786
29361:19,[0.22222222 0.11111111 0.0 0.22222222 0.11111111 0.11111111 0.22222222],[0.23161562 0.07978551 0.04854927 0.0565933  0.06384186 0.1319762 0.38763818],3.1111110799999997,3.5877414699999997,0.24676238314583424
30178:66,[0.0625 0.0625 0.125 0.0625 0.0625 0.125 0.5],[0.17854467 0.06779108 0.04620998 0.05737634 0.06730736 0.1446514 0.43811926],4.375,3.95354206,0.15481277182922765
3096:47:00,[0.33333333 0.0 0.0 0.0 0.11111111 0.33333333 0.0],[0.33543694 0.15715891 0.07266811 0.07825863 0.07523223 0.1052643 0.17598088],2.1111110899999996,2.42040672,0.34695887673993714
31165:126,[0.42105263 0.15789474 0.21052632 0.10526316 0.0 0.05263158 0.05263158],[0.33766055 0.18729703 0.07980627 0.09349256 0.07510195 0.10249186 0.12414979],1.4736842399999999,2.18515309,0.19566864065919706
31185:89,[0.44444444 0.22222222 0.0 0.0 0.11111111 0.11111111 0.11111111],[0.33224863 0.18567817 0.08011654 0.09643151 0.07922461 0.09915986 0.12714061],1.88888887,2.2107471800000003,0.17623163621629573
31200:26,[0.22222222 0.11111111 0.11111111 0.0 0.0 0.11111111 0.0],[0.36542228 0.16221884 0.06741299 0.08343674 0.06794237 0.10281902 0.15074779],0.88888888,2.23770636,0.24371970193397904
31205:60,[0.22222222 0.11111111 0.0 0.11111111 0.11111111 0.22222222 0.11111111],[0.32837221 0.16590035 0.07645584 0.09522285 0.08070403 0.10629136 0.14705333],2.66666664,2.34107348,0.18979992483061026
31488:53,[0.22222222 0.11111111 0.22222222 0.0 0.11111111 0.0 0.22222222],[0.37199265 0.20666094 0.07750265 0.09379629 0.07020567 0.08891307 0.09092866],2.33333331,1.9140150999999999,0.2968488464017586
32096:57,[0.33333333 0.22222222 0.0 0.0 0.0 0.11111111 0.22222222],[0.20293899 0.07844205 0.04981601 0.05730958 0.06551555 0.13308343 0.41289437],2.11111109,3.75484838,0.2908133128399874
33076:56,[0.0 0.33333333 0.0 0.0 0.11111111 0.11111111 0.44444444],[0.14748579 0.06024614 0.0383588  0.04591795 0.05792886 0.12312992 0.5269326 ],3.99999996,4.28367823,0.3311882052741717
35001:135,[0.11111111 0.22222222 0.0 0.0 0.11111111 0.22222222 0.22222222],[0.35355765 0.18574533 0.08043767 0.09436166 0.07794812 0.09558204 0.11236747],3.1111110799999997,2.09361315,0.3235596005201564
35503:30,[0.22222222 0.0 0.0 0.0 0.0 0.22222222 0.44444444],[0.22274749 0.145199   0.08228818 0.09193441 0.08562732 0.14584529 0.22635828],3.77777774,3.0154639999999997,0.31150176944840346
36021:57,[0.11111111 0.22222222 0.0 0.0 0.22222222 0.0 0.44444444],[0.28292182 0.14808151 0.07415377 0.09328181 0.08587086 0.13502301 0.18066722],3.77777774,2.6788362899999996,0.3944836765017474
36975:25,[0.44444444 0.33333333 0.0 0.0 0.0 0.0 0.22222222],[0.33065858 0.13503987 0.05866372 0.07641836 0.07087139 0.11664241 0.21170573],1.6666666499999998,2.61855438,0.2833505219636969
37152:54,[0.11111111 0.11111111 0.11111111 0.11111111 0.11111111 0.11111111 0.22222222],[0.24149416 0.10496358 0.05721023 0.0743322  0.07516316 0.14201199 0.30482471],2.99999997,3.28204149,0.17425790021156257
39593:60,[0.0 0.22222222 0.11111111 0.0 0.11111111 0.22222222 0.22222222],[0.30968603 0.14902259 0.07447817 0.08413001 0.07767519 0.11444173 0.19056629],3.3333333,2.57667611,0.3513120358883153
40595:16,[0.47368421 0.05263158 0.05263158 0.10526316 0.26315789 0.0 0.05263158],[0.20369509 0.12211393 0.08789001 0.09785333 0.10262529 0.1411019 0.24472043],1.8421052599999999,3.17578718,0.4019932493056111
4095:16:00,[0.11111111 0.0 0.0 0.11111111 0.44444444 0.11111111 0.11111111],[0.31344706 0.137996   0.07633842 0.09258013 0.08818686 0.11818599 0.17326558],3.3333333,2.5516841,0.4438314766234038
41511:66,[0.22222222 0.0 0.0 0.11111111 0.11111111 0.11111111 0.44444444],[0.22173287 0.11513279 0.07395174 0.09273113 0.0900581  0.15662469 0.24976867],3.99999996,3.18319753,0.2438767166623415
41706:73,[0.0 0.33333333 0.11111111 0.0 0.0 0.33333333 0.22222222],[0.41432407 0.18202367 0.06005143 0.07308611 0.06025186 0.0876453 0.12261757],3.55555552,1.93632422,0.5257582140182672
42766:91,[0.21052632 0.05263158 0.15789474 0.10526316 0.15789474 0.10526316 0.21052632],[0.24355437 0.09478462 0.0610172  0.07301922 0.0716706  0.12427133 0.33168265],3.10526322,3.33401163,0.1891227893083663
43216:36,[0.44444444 0.11111111 0.0 0.22222222 0.0 0.0 0.11111111],[0.31182733 0.13166459 0.0719189  0.08519106 0.07873044 0.11534377 0.20532386],1.44444443,2.6546593400000003,0.26521372535369864
44249:62,[0.22222222 0.11111111 0.0 0.22222222 0.22222222 0.0 0.22222222],[0.22098228 0.10704897 0.05981513 0.07145371 0.07721846 0.12592594 0.33755553],2.9999999699999997,3.40487708,0.27660845430264325
44672:63,[0.11111111 0.0 0.33333333 0.11111111 0.11111111 0.22222222 0.11111111],[0.13322778 0.08112437 0.05578147 0.06049478 0.07355525 0.15228696 0.44352934],3.22222219,4.091003489999999,0.45107717876196574
45097:54,[0.0 0.11111111 0.0 0.11111111 0.11111111 0.0 0.66666667],[0.29923514 0.13152145 0.06135579 0.07461322 0.07207384 0.11186226 0.24933834],4.8888889,2.82170939,0.5322169563370381
45615:59,[0.0 0.22222222 0.11111111 0.22222222 0.0 0.11111111 0.33333333],[0.2468196  0.0938506  0.06257594 0.0754455  0.07602528 0.13523847 0.31004456],3.66666663,3.28589981,0.32894162937249616
45877:58,[0.11111111 0.22222222 0.11111111 0.22222222 0.0 0.11111111 0.22222222],[0.22800776 0.15772004 0.08984411 0.09805027 0.09301937 0.12874244 0.20461597],2.99999997,2.87504457,0.2072914940213556
46012:28,[0.22222222 0.0 0.11111111 0.11111111 0.0 0.33333333 0.22222222],[0.21389969 0.09558841 0.05273518 0.06641916 0.07541143 0.13126172 0.36468443],3.55555552,3.5463771499999996,0.28535386601694657
46306:157,[0.22222222 0.22222222 0.22222222 0.0 0.11111111 0.11111111 0.0],[0.31975392 0.21838643 0.08437733 0.10392066 0.08224124 0.0967076 0.09461278],1.66666665,2.07908271,0.22208190312861426
46504:48,[0.44444444 0.11111111 0.11111111 0.11111111 0.0 0.11111111 0.11111111],[0.25592113 0.10643756 0.05824907 0.06634236 0.07287253 0.12197108 0.31820625],1.88888887,3.2325458000000005,0.2977889492931262
4682:83,[0.26315789 0.15789474 0.05263158 0.05263158 0.15789474 0.0 0.21052632],[0.42120209 0.20195208 0.06909543 0.08628198 0.06401984 0.07559926 0.08184931],2.31578952,1.7241604,0.2437374489150073
47484:42,[0.0 0.11111111 0.0 0.0 0.0 0.44444444 0.44444444],[0.23621626 0.08296604 0.04048779 0.05060473 0.05570861 0.11835301 0.41566354],4.999999949999999,3.6243365400000003,0.4135913157254834
48175:48,[0.33333333 0.33333333 0.0 0.11111111 0.0 0.11111111 0.11111111],[0.31595895 0.18800093 0.0863075  0.10166174 0.08548469 0.1003956 0.12219061],1.88888887,2.24266157,0.19106768543894986
48229:108,[0.11111111 0.0 0.11111111 0.22222222 0.11111111 0.22222222 0.22222222],[0.21123686 0.0952402  0.05503418 0.0674989  0.06626675 0.14483163 0.35989147],3.7777777400000003,3.55637923,0.27043101112681217
48254:34,[0.22222222 0.22222222 0.0 0.22222222 0.11111111 0.11111111 0.11111111],[0.22505812 0.12157964 0.07017767 0.07593708 0.08560006 0.13501512 0.28663227],2.55555553,3.22701568,0.26170806591170076
48293:58,[0.22222222 0.44444444 0.11111111 0.0 0.0 0.22222222 0.0],[0.34886244 0.14761814 0.0596081  0.07461056 0.06823102 0.10463137 0.19643839],1.77777776,2.4653772899999997,0.41162363216373654
4874:87,[0.44444444 0.22222222 0.0 0.22222222 0.0 0.0 0.11111111],[0.34693795 0.11373559 0.05041163 0.05766374 0.05888736 0.10574538 0.26661834],1.5555555399999998,2.75153645,0.299549654316995
48909:46,[0.44444444 0.11111111 0.0 0.0 0.11111111 0.11111111 0.22222222],[0.2794815  0.14127609 0.06916825 0.07312183 0.07405132 0.13435397 0.22854704],2.44444442,2.83823545,0.20051785044307527
49242:55,[0.11111111 0.11111111 0.11111111 0.11111111 0.0 0.22222222 0.22222222],[0.24585168 0.10901179 0.06557173 0.07317785 0.07681984 0.13847978 0.29108733],3.11111108,3.2058910399999996,0.19831460648043703
49341:37,[0.11111111 0.11111111 0.0 0.11111111 0.11111111 0.33333333 0.22222222],[0.13374658 0.0562338  0.03125487 0.03878887 0.05162668 0.13866177 0.54968745],3.88888885,4.43305042,0.3979951601420586
49539:30,[0.22222222 0.11111111 0.11111111 0.22222222 0.0 0.11111111 0.0],[0.31342447 0.14101158 0.06689507 0.08494138 0.07743713 0.11801109 0.19827928],1.5555555399999998,2.61910551,0.27453919108139424
49833:71,[0.33333333 0.22222222 0.0 0.11111111 0.11111111 0.0 0.11111111],[0.3660537  0.15300502 0.06953011 0.08032515 0.06719362 0.10289636 0.16099602],1.6666666499999998,2.28227309,0.16324449758986795
50514:57,[0.11111111 0.22222222 0.22222222 0.0 0.11111111 0.22222222 0.11111111],[0.25593686 0.1174939  0.05735769 0.07146099 0.0755744  0.12146246 0.30071378],2.88888886,3.1604848299999997,0.334056978195332
51019:56,[0.33333333 0.22222222 0.0 0.0 0.22222222 0.0 0.22222222],[0.31496501 0.16299835 0.07375168 0.09020894 0.08393837 0.11146845 0.16266927],2.44444442,2.45023988,0.22916373510237784
52021:19,[0.22222222 0.0 0.0 0.11111111 0.11111111 0.0 0.33333333],[0.19869547 0.09159584 0.06032037 0.07351893 0.08396357 0.13815595 0.35374993],2.77777775,3.5819269799999995,0.18502950550917951
52200:60,[0.11111111 0.22222222 0.0 0.11111111 0.0 0.11111111 0.33333333],[0.28984648 0.13339497 0.06609736 0.07820909 0.07288882 0.12730227 0.23226099],3.11111108,2.82184953,0.24714078661132202
52336:38,[0.22222222 0.22222222 0.0 0.11111111 0.0 0.22222222 0.22222222],[0.22023386 0.09471022 0.068142   0.07860121 0.08170368 0.1359019 0.32070714],2.9999999699999997,3.39736491,0.21398471421891518
52433:93,[0.22222222 0.11111111 0.11111111 0.22222222 0.0 0.0 0.11111111],[0.33341342 0.16318719 0.06416006 0.07480216 0.06824215 0.11813367 0.17806144],1.6666666499999998,2.44791938,0.2492135188217381
52509:46,[0.33333333 0.11111111 0.22222222 0.0 0.0 0.0 0.22222222],[0.25303787 0.13051318 0.07234942 0.08277841 0.08133562 0.12387185 0.25611374],1.88888887,3.00493142,0.24340557920882153
54761:52,[0.22222222 0.0 0.22222222 0.0 0.22222222 0.22222222 0.11111111],[0.16719775 0.08449291 0.05836409 0.063056   0.07978029 0.15339936 0.39370954],3.11111108,3.8387642900000003,0.3819429959579247
54841:46,[0.33333333 0.22222222 0.11111111 0.0 0.11111111 0.0 0.22222222],[0.26384592 0.149351   0.09657006 0.09865689 0.09344502 0.12426787 0.17386322],2.2222222,2.67676054,0.19538814207519373
55284:17,[0.11111111 0.11111111 0.0 0.11111111 0.33333333 0.0 0.33333333],[0.36954591 0.1186009  0.05385193 0.0653557  0.0609327  0.1186754 0.21303749],3.77777774,2.5377046,0.4178459927115965
55403:21,[0.33333333 0.11111111 0.0 0.11111111 0.0 0.0 0.22222222],[0.28223816 0.13165356 0.06390535 0.07627016 0.07828906 0.11501957 0.25262406],1.7777777599999998,2.89227319,0.1691550900177423
55495:27,[0.22222222 0.22222222 0.22222222 0.0 0.11111111 0.11111111 0.0],[0.32915342 0.17345501 0.08341839 0.0926689  0.08629785 0.09889832 0.13610807],1.66666665,2.27462991,0.24689432432731134
55769:54,[0.44444444 0.22222222 0.11111111 0.0 0.0 0.11111111 0.11111111],[0.34885705 0.13301006 0.06222444 0.06977583 0.06574616 0.09941998 0.22096647],1.66666665,2.55266979,0.20219241274317787
56045:26,[0.11111111 0.0 0.33333333 0.11111111 0.22222222 0.0 0.22222222],[0.18876451 0.10430902 0.07057804 0.07834284 0.08823937 0.13127224 0.33849403],3.22222219,3.5207764800000003,0.36841208315704516
56764:49,[0.22222222 0.44444444 0.0 0.11111111 0.11111111 0.11111111 0.0],[0.41871315 0.17136002 0.05572238 0.07093976 0.06461298 0.08236188 0.13628988],1.7777777599999998,1.9836246599999998,0.37345151321449
57651:59,[0.22222222 0.11111111 0.11111111 0.22222222 0.0 0.11111111 0.0],[0.28847581 0.09814063 0.05054331 0.0645014  0.06203483 0.12457782 0.31172615],1.5555555399999998,3.13411677,0.3664764003354191
57920:78,[0.44444444 0.0 0.0 0.11111111 0.11111111 0.0 0.11111111],[0.39636326 0.15835926 0.05824038 0.07847393 0.06786592 0.0961866 0.14451066],1.44444443,2.12972245,0.2099621892073318
57971:96,[0.11111111 0.0 0.11111111 0.22222222 0.11111111 0.22222222 0.22222222],[0.29146233 0.18446453 0.08339731 0.10653462 0.08726873 0.11538837 0.13148411],3.7777777400000003,2.38578444,0.31768024188493105
59327:20,[0.25 0.0 0.0625 0.0 0.125 0.1875 0.25],[0.27670243 0.13221961 0.0741531  0.09301995 0.08159595 0.12623714 0.21607177],3.0625,2.81358578,0.18377084980155176
59686:38,[0.22222222 0.0 0.11111111 0.0 0.0 0.11111111 0.55555556],[0.35980201 0.13715941 0.05394288 0.06290024 0.0545423  0.10538391 0.22626929],4.111111129999999,2.53645038,0.39547776170225496
59994:62,[0.33333333 0.11111111 0.0 0.11111111 0.0 0.22222222 0.22222222],[0.35686401 0.18225516 0.07694468 0.09609357 0.07834505 0.09573259 0.11376493],2.88888886,2.09905796,0.21368606915473548
60210:34,[0.22222222 0.0 0.22222222 0.22222222 0.0 0.11111111 0.22222222],[0.27297428 0.09749064 0.06531163 0.07190856 0.06999483 0.1211668 0.30115324],2.99999997,3.13657234,0.26556698809329127
60261:35,[0.33333333 0.33333333 0.11111111 0.0 0.0 0.11111111 0.11111111],[0.25732556 0.14643955 0.0782322  0.09233413 0.09214004 0.1209918 0.21253677],1.77777776,2.82864612,0.26303547270514593
61981:60,[0.11111111 0.22222222 0.22222222 0.11111111 0.11111111 0.0 0.11111111],[0.31990391 0.13468076 0.06333775 0.07547589 0.0685875  0.1219808 0.21603334],2.1111110899999996,2.66823797,0.32475888222902527
62367:43,[0.11111111 0.0 0.11111111 0.11111111 0.11111111 0.0 0.33333333],[0.30293775 0.11766948 0.06500092 0.08342201 0.07416709 0.124089 0.23271377],2.9999999699999997,2.81133333,0.2835906179815547
62382:115,[0.33333333 0.0 0.22222222 0.0 0.0 0.0 0.33333333],[0.34189242 0.17878397 0.08704772 0.09177454 0.07634169 0.10274172 0.12141801],2.44444442,2.1757864500000004,0.34644436076283225
63303:47,[0.22222222 0.22222222 0.11111111 0.11111111 0.22222222 0.0 0.11111111],[0.32184249 0.15907244 0.0751384  0.09364871 0.0853205  0.10593655 0.1590409 ],2.33333331,2.41550552,0.21857026907091093
63575:56,[0.44444444 0.22222222 0.0 0.11111111 0.0 0.11111111 0.11111111],[0.35656294 0.10442702 0.04186211 0.05136224 0.05027798 0.10052692 0.29498079],1.77777776,2.8158692199999997,0.25173237868688625
6363:73,[0.47368421 0.15789474 0.10526316 0.05263158 0.10526316 0.0 0.05263158],[0.24777603 0.11920386 0.07334869 0.0887475  0.08903088 0.13976996 0.24212305],1.26315792,3.0398553600000002,0.3325064343649232
63983:38,[0.11111111 0.33333333 0.0 0.22222222 0.11111111 0.0 0.22222222],[0.31068221 0.15768887 0.07819881 0.09716935 0.0806027  0.11934415 0.15631397],2.77777775,2.4626099100000003,0.33459013897986845
64802:146,[0.22222222 0.33333333 0.11111111 0.22222222 0.11111111 0.0 0.0],[0.26225391 0.14683101 0.09887889 0.10296982 0.08821098 0.12958966 0.17126574],1.6666666499999998,2.68188491,0.31209976499864106
6480:57:00,[0.21052632 0.10526316 0.0 0.10526316 0.26315789 0.15789474 0.15789474],[0.2889244  0.15809882 0.08234754 0.09611613 0.08585856 0.12710704 0.16154754],3.21052634,2.55939697,0.21954254543202648
66791:42,[0.33333333 0.22222222 0.0 0.0 0.11111111 0.0 0.33333333],[0.23658672 0.08887044 0.04681561 0.0573176  0.06281645 0.10612849 0.4014647 ],2.66666664,3.54515091,0.22551524679578808
6724:57:00,[0.0 0.22222222 0.11111111 0.22222222 0.11111111 0.22222222 0.11111111],[0.30877337 0.18566123 0.08481103 0.10049409 0.08259907 0.11708524 0.12057599],3.3333332999999996,2.2960439800000003,0.3523399449312222
67423:47,[0.22222222 0.11111111 0.0 0.11111111 0.11111111 0.11111111 0.0],[0.2051537  0.09688333 0.06258425 0.08057038 0.0821486  0.15013888 0.32252082],1.44444443,3.4781766899999997,0.33425284110364656
67555:107,[0.44444444 0.22222222 0.0 0.11111111 0.0 0.0 0.0],[0.34482792 0.19443442 0.07666069 0.08775274 0.0702891  0.09846901 0.1275661 ],0.55555555,2.1499120699999996,0.2191526890195133
68546:11,[0.0 0.0 0.11111111 0.0 0.0 0.0 0.88888889],[0.22369552 0.11410151 0.0677157  0.07804591 0.08338442 0.12756333 0.30549362],5.55555556,3.2879866900000003,0.6592484900604209
68703:60,[0.22222222 0.22222222 0.22222222 0.0 0.0 0.22222222 0.11111111],[0.14179608 0.05355496 0.03337397 0.03850303 0.04928339 0.11053318 0.57295537],2.44444442,4.42334367,0.547965845759945
6904:85,[0.44444444 0.11111111 0.11111111 0.0 0.0 0.0 0.11111111],[0.23717365 0.09805389 0.06699649 0.07870878 0.07668311 0.15137613 0.29100797],0.99999999,3.27783412,0.33530695706933056
70072:47,[0.22222222 0.0 0.0 0.11111111 0.11111111 0.22222222 0.11111111],[0.25264227 0.10309406 0.06001257 0.07191189 0.07967242 0.13306889 0.29959786],2.55555553,3.22047616,0.24729701668331322
70251:35,[0.11111111 0.33333333 0.0 0.33333333 0.0 0.11111111 0.11111111],[0.18919253 0.06753179 0.04346191 0.05085659 0.06351966 0.12229286 0.46314463],2.55555553,3.9514361,0.5352724456018937
70937:67,[0.22222222 0.0 0.11111111 0.0 0.11111111 0.11111111 0.33333333],[0.22765592 0.09776918 0.05330388 0.06798649 0.07226034 0.13600764 0.3450166 ],3.22222219,3.44751557,0.14077604430400117
71894:104,[0.22222222 0.22222222 0.0 0.11111111 0.11111111 0.11111111 0.22222222],[0.24814646 0.13441813 0.07074025 0.08621481 0.08213309 0.12780601 0.25054121],2.88888886,3.0053527300000002,0.12619842981514745
71989:47,[0.22222222 0.22222222 0.11111111 0.11111111 0.0 0.22222222 0.11111111],[0.27444038 0.16167063 0.07207099 0.0828329  0.07859436 0.109067 0.22132374],2.55555553,2.7419661900000003,0.19961217514046356
72175:60,[0.33333333 0.0 0.11111111 0.11111111 0.0 0.0 0.44444444],[0.21336347 0.06948073 0.04198507 0.05462737 0.06298848 0.14172663 0.41582829],3.2222221899999997,3.77288979,0.22817105807904625
72352:13,[0.11111111 0.44444444 0.0 0.0 0.22222222 0.22222222 0.0],[0.37154949 0.12524417 0.05704538 0.07059623 0.06523097 0.10233432 0.20799936],2.44444442,2.47171526,0.5101353351004385
72563:57,[0.0 0.11111111 0.11111111 0.22222222 0.11111111 0.11111111 0.33333333],[0.32210374 0.1731054  0.08454376 0.10232396 0.08048892 0.10644348 0.13099077],3.99999996,2.2892824999999997,0.4056815808355223
72966:36,[0.33333333 0.0 0.11111111 0.33333333 0.11111111 0.0 0.11111111],[0.31332189 0.16369551 0.08100396 0.09171862 0.08052633 0.10739374 0.16234002],2.33333331,2.43397343,0.31870681146339563
73050:45,[0.22222222 0.0 0.11111111 0.22222222 0.11111111 0.0 0.11111111],[0.32045192 0.15832438 0.06995019 0.08331347 0.07339817 0.10362413 0.19093771],1.99999998,2.50550476,0.27246661750670265
73659:91,[0.44444444 0.0 0.0 0.11111111 0.11111111 0.11111111 0.11111111],[0.34211829 0.19254257 0.07063036 0.08607461 0.07376724 0.10233846 0.1325285 ],1.9999999800000001,2.19395938,0.2347104278276074
737:58:00,[0.33333333 0.11111111 0.0 0.0 0.22222222 0.22222222 0.11111111],[0.23659533 0.07083472 0.0371028  0.04606838 0.05451777 0.1191787 0.43570232],2.7777777500000003,3.7114239600000003,0.3982229837818926
74049:29,[0.11111111 0.0 0.22222222 0.11111111 0.0 0.22222222 0.22222222],[0.2548022  0.11807732 0.08352268 0.10169531 0.09263625 0.13508826 0.21417801],3.22222219,2.92126297,0.26486621838862406
7449:24:00,[0.11111111 0.0 0.11111111 0.0 0.22222222 0.22222222 0.33333333],[0.25249436 0.09283803 0.04952222 0.05713499 0.05954293 0.11332978 0.37513778],4.22222218,3.4189347399999996,0.27520074231810454
74642:57,[0.33333333 0.22222222 0.11111111 0.0 0.11111111 0.22222222 0.0],[0.36337882 0.16374072 0.06123686 0.07071634 0.06598363 0.09654651 0.17839712],1.99999998,2.3154132499999998,0.24792632943496964
74742:45,[0.11111111 0.22222222 0.33333333 0.0 0.11111111 0.11111111 0.11111111],[0.36015785 0.17028467 0.06388849 0.07949995 0.06831627 0.10006856 0.15778418],2.55555553,2.2568744599999997,0.3844141820505731
75880:7,[0.33333333 0.11111111 0.22222222 0.11111111 0.11111111 0.11111111 0.0],[0.27696875 0.16411559 0.09404679 0.1053264  0.09623305 0.11448686 0.14882256],1.88888887,2.5184902300000003,0.2117303738873936
76421:21,[0.22222222 0.22222222 0.0 0.11111111 0.11111111 0.11111111 0.0],[0.33271581 0.16952561 0.08665991 0.09840042 0.08348935 0.10507692 0.12413196],1.5555555399999998,2.24218045,0.19714305553571929
76731:61,[0.33333333 0.22222222 0.11111111 0.0 0.0 0.0 0.33333333],[0.20722847 0.12594722 0.06900856 0.07878965 0.08350651 0.1431946 0.29232493],2.44444442,3.30428191,0.24962264431806802
77037:37,[0.44444444 0.11111111 0.11111111 0.11111111 0.0 0.11111111 0.11111111],[0.22627676 0.10380847 0.06849277 0.07460971 0.08521158 0.13443616 0.30716458],1.88888887,3.32063774,0.3115143249940641
77821:28,[0.0 0.11111111 0.11111111 0.33333333 0.11111111 0.0 0.0],[0.38197032 0.15700237 0.0684716  0.08353848 0.07043465 0.09697241 0.14161021],1.77777776,2.16082292,0.493289572442431
78284:18,[0.11111111 0.22222222 0.11111111 0.0 0.0 0.0 0.33333333],[0.20816898 0.10393501 0.06840746 0.0751624  0.08372328 0.13561827 0.32498464],2.44444442,3.4291294399999996,0.23739563111411907
78681:73,[0.44444444 0.0 0.11111111 0.33333333 0.0 0.0 0.11111111],[0.24590334 0.09230811 0.04144543 0.05048233 0.05620308 0.13074297 0.38291472],1.88888887,3.5026614499999997,0.47636862149682346
79227:23,[0.0 0.0 0.0 0.11111111 0.22222222 0.11111111 0.55555556],[0.16627792 0.06424315 0.0338905  0.04453555 0.0508511  0.11581827 0.52438354],5.1111111199999995,4.19442779,0.2602274257975375
80682:39,[0.0 0.11111111 0.11111111 0.11111111 0.33333333 0.22222222 0.11111111],[0.18537296 0.07736777 0.04646415 0.05284326 0.0600918  0.12989058 0.44796947],3.77777774,3.9064627699999996,0.48962816426151523
81749:49,[0.11111111 0.11111111 0.0 0.0 0.0 0.11111111 0.66666667],[0.18342181 0.07710486 0.04061425 0.04884763 0.06154776 0.11444429 0.47401944],4.66666668,3.96740538,0.22656800901679566
82702:43,[0.44444444 0.0 0.11111111 0.0 0.11111111 0.22222222 0.11111111],[0.21340603 0.10864337 0.07219353 0.07984465 0.0885204  0.15798879 0.27940324],2.44444442,3.31300937,0.32562307908803056
82987:41,[0.33333333 0.0 0.11111111 0.0 0.22222222 0.22222222 0.0],[0.37529892 0.15889435 0.05827341 0.06978565 0.06411416 0.09499996 0.17863357],2.2222222,2.2880559799999998,0.3282742741985719
83258:73,[0.11111111 0.11111111 0.0 0.0 0.22222222 0.33333333 0.22222222],[0.30447438 0.10002416 0.04710592 0.05981131 0.0634217  0.13175456 0.29340801],3.99999996,3.0465775899999996,0.33797582385914127
83455:205,[0.0 0.0 0.0 0.11111111 0.11111111 0.11111111 0.66666667],[0.28866628 0.18236652 0.08980021 0.11474019 0.09129462 0.11674803 0.11638413],5.33333334,2.35341092,0.6541394031362867
84098:36,[0.22222222 0.0 0.0 0.0 0.11111111 0.11111111 0.44444444],[0.225466   0.12871251 0.07298801 0.08334779 0.08215989 0.14675462 0.26057118],3.66666663,3.15057164,0.2544986143940057
84591:56,[0.33333333 0.22222222 0.22222222 0.0 0.0 0.0 0.0],[0.20255853 0.10291006 0.06783038 0.07628077 0.07965695 0.14905015 0.32171315],0.66666666,3.46157058,0.4393786109388253
84620:54,[0.11111111 0.33333333 0.0 0.33333333 0.11111111 0.0 0.11111111],[0.2572217  0.12900051 0.06508063 0.07718302 0.07447918 0.13587525 0.26115969],2.44444442,3.0349619400000005,0.41864929687233116
85007:68,[0.44444444 0.22222222 0.11111111 0.0 0.11111111 0.0 0.0],[0.36643189 0.14867578 0.06862756 0.07752357 0.06898855 0.1017317 0.1680209 ],0.88888888,2.3112397099999997,0.24426310487459438
8525:52:00,[0.0 0.0 0.0 0.0 0.22222222 0.44444444 0.33333333],[0.12442263 0.04468631 0.02717824 0.03034478 0.0436881  0.10611305 0.62356687],5.11111106,4.6367959999999995,0.49971530771502
85435:43,[0.0 0.0 0.11111111 0.11111111 0.11111111 0.44444444 0.22222222],[0.28608355 0.13217965 0.06157537 0.08155894 0.07591791 0.11497184 0.24771281],4.55555551,2.86481491,0.4616090373891413
85664:16,[0.11111111 0.11111111 0.0 0.0 0.0 0.11111111 0.55555556],[0.20388648 0.13101175 0.09091493 0.09478302 0.09850001 0.13741969 0.24348411],4.00000002,3.13919382,0.3661087726140836
85982:21,[0.11111111 0.0 0.22222222 0.0 0.22222222 0.22222222 0.22222222],[0.27098766 0.11491042 0.06333487 0.07532436 0.07723748 0.11843305 0.27977213],3.7777777400000003,3.04730119,0.32371071012105174
86413:52,[0.11111111 0.0 0.0 0.11111111 0.44444444 0.11111111 0.22222222],[0.16655695 0.05828108 0.03985335 0.04371202 0.05663558 0.1233286 0.51163232],3.99999996,4.18210308,0.4968953986874222
86874:94,[0.22222222 0.11111111 0.0 0.11111111 0.22222222 0.11111111 0.22222222],[0.35787949 0.12128814 0.04957607 0.06326863 0.05684904 0.10422434 0.24691422],3.2222221899999997,2.64024935,0.22640355028359074
8915:55:00,[0.44444444 0.22222222 0.0 0.0 0.0 0.11111111 0.11111111],[0.33682728 0.17299427 0.08603793 0.09170286 0.07994047 0.10399684 0.12850036],1.44444443,2.23092695,0.19120737882087316
89425:17,[0.22222222 0.0 0.11111111 0.11111111 0.0 0.11111111 0.44444444],[0.1345121  0.05596615 0.03940202 0.04303201 0.0562603  0.12072963 0.55009788],3.7777777399999994,4.39314285,0.18714331195260228
89690:14,[0.22222222 0.33333333 0.0 0.11111111 0.0 0.0 0.11111111],[0.22371376 0.1023744  0.06173871 0.0681821  0.07334574 0.11730275 0.35334259],1.33333332,3.43035037,0.3698843642100341
90246:38,[0.44444444 0.11111111 0.0 0.11111111 0.11111111 0.0 0.11111111],[0.3640078  0.14868249 0.05936624 0.0740208  0.06858845 0.09360401 0.19173017],1.5555555399999998,2.38223224,0.1727744869304117
9028:77,[0.22222222 0.22222222 0.0 0.0 0.0 0.22222222 0.33333333],[0.3286131  0.12805256 0.05397159 0.06515608 0.0615825  0.10250904 0.26011512],3.3333332999999996,2.7510299,0.22545453543309124
90727:39,[0.375 0.3125 0.0 0.0 0.0 0.125 0.125],[0.36290145 0.15144403 0.06115931 0.07304909 0.06799497 0.10101976 0.1824314 ],1.6875,2.3645769999999997,0.20894679872150734
9072:53:00,[0.22222222 0.22222222 0.22222222 0.0 0.0 0.11111111 0.22222222],[0.1152501  0.0520176  0.03743056 0.04361165 0.06041575 0.13237551 0.55889881],2.55555553,4.5146470800000005,0.44035888154704844
90913:34,[0.22222222 0.22222222 0.22222222 0.0 0.0 0.0 0.33333333],[0.15995006 0.07333392 0.0501916  0.05717645 0.0689503  0.1331985 0.45719922],2.66666664,4.030235490000001,0.3110433593857529
91063:73,[0.1875 0.0 0.0 0.0625 0.0 0.125 0.625],[0.23976645 0.10117435 0.05400607 0.06089556 0.06934648 0.13585213 0.33895901],4.5625,3.3822738,0.3203644981769842
91185:89,[0.44444444 0.22222222 0.11111111 0.11111111 0.0 0.0 0.11111111],[0.39237636 0.16623014 0.06683378 0.08854865 0.06832028 0.10065272 0.1170381 ],1.44444443,2.04431697,0.15214961204002525
91270:46,[0.42105263 0.15789474 0.0 0.10526316 0.10526316 0.10526316 0.05263158],[0.38232827 0.14644185 0.05893876 0.07526292 0.06726483 0.09502985 0.17473345],1.73684214,2.2827174,0.14987326963471104
9174:38:00,[0.22222222 0.11111111 0.0 0.22222222 0.0 0.11111111 0.22222222],[0.28520173 0.17250431 0.08022801 0.09082765 0.08230127 0.11645664 0.17248048],2.66666664,2.5518144400000002,0.2017744402369797
91801:40,[0.33333333 0.11111111 0.0 0.0 0.11111111 0.0 0.44444444],[0.24576947 0.10350253 0.05364746 0.0718174  0.07459717 0.11819243 0.33247361],3.22222219,3.31044214,0.20880922888954168
92173:38,[0.11111111 0.0 0.11111111 0.0 0.0 0.44444444 0.33333333],[0.16991919 0.08305538 0.05703955 0.06038137 0.0739009  0.14284663 0.41285703],4.4444444,3.86525752,0.3459376110564409
92409:51,[0.22222222 0.44444444 0.0 0.0 0.0 0.22222222 0.11111111],[0.23577251 0.09066323 0.04911904 0.05408223 0.06541412 0.1199216 0.38502729],2.2222222,3.52257622,0.46952829543489055
9346:23:00,[0.0 0.0 0.0 0.22222222 0.0 0.11111111 0.55555556],[0.23689288 0.10246605 0.06498114 0.07137258 0.07683124 0.13308813 0.31436798],4.55555557,3.30551956,0.39768475962173916
93546:68,[0.0 0.0 0.11111111 0.11111111 0.0 0.33333333 0.33333333],[0.2082061  0.069029   0.03497977 0.04120455 0.04966115 0.10839009 0.48852924],4.222222179999999,3.9343726799999996,0.36871283202675137
93711:49,[0.22222222 0.22222222 0.11111111 0.0 0.11111111 0.0 0.11111111],[0.29374412 0.10125963 0.04994601 0.06094313 0.06155419 0.11624745 0.31630546],1.5555555399999998,3.1092678099999995,0.2920216501128579
93772:26,[0.55555556 0.0 0.0 0.0 0.22222222 0.11111111 0.0],[0.24397147 0.11731698 0.06725574 0.08005703 0.08062853 0.1228428 0.28792739],1.44444443,3.15629201,0.474203510175854
93867:26,[0.11111111 0.22222222 0.11111111 0.11111111 0.0 0.22222222 0.0],[0.28884149 0.16495578 0.08689712 0.09652849 0.08588707 0.10959692 0.16729318],1.88888887,2.52362745,0.28933468217756025
94770:69,[0.22222222 0.22222222 0.0 0.0 0.11111111 0.0 0.33333333],[0.3544718  0.16981579 0.07238391 0.0897366  0.07724564 0.09967507 0.13667125],2.66666664,2.2111788199999998,0.28859389541312475
94994:144,[0.22222222 0.0 0.22222222 0.11111111 0.22222222 0.11111111 0.11111111],[0.34213057 0.16269815 0.07561104 0.08778454 0.07270595 0.10810231 0.15096736],2.88888886,2.3144133599999996,0.29468687775046537
95445:55,[0.44444444 0.11111111 0.11111111 0.0 0.11111111 0.0 0.11111111],[0.27701572 0.18543851 0.10713183 0.11190829 0.09149371 0.11196304 0.11504894],1.44444443,2.35151072,0.2429656558560312
95876:34,[0.3125 0.0 0.0 0.0 0.125 0.0 0.4375],[0.2198     0.10360788 0.05726847 0.06811571 0.07641821 0.12988146 0.3449083 ],3.125,3.44702189,0.23462718786036946
95903:41,[0.22222222 0.33333333 0.0 0.0 0.22222222 0.11111111 0.0],[0.31254175 0.13783784 0.06452502 0.07684007 0.07464039 0.11527254 0.21834233],1.77777776,2.68238633,0.354845129301487
97363:28,[0.22222222 0.11111111 0.0 0.0 0.0 0.33333333 0.33333333],[0.22859743 0.10387538 0.05341209 0.06401068 0.07083205 0.12421367 0.35505867],3.77777774,3.4374801699999997,0.23719911363080848
97884:143,[0.44444444 0.11111111 0.22222222 0.11111111 0.11111111 0.0 0.0],[0.34175074 0.18806846 0.08772976 0.09340058 0.07548267 0.10019467 0.11337315],1.33333332,2.12687265,0.24296531271481941
98373:34,[0.22222222 0.11111111 0.11111111 0.11111111 0.11111111 0.22222222 0.11111111],[0.26698694 0.10377171 0.05785701 0.06706589 0.07193649 0.12829894 0.30408308],2.88888886,3.17442254,0.23329839713225742
98714:63,[0.22222222 0.22222222 0.11111111 0.11111111 0.11111111 0.11111111 0.11111111],[0.29627556 0.09529584 0.0501821  0.06476475 0.06136064 0.11635798 0.31576321],2.44444442,3.11176601,0.26802920250285694
98870:28,[0.33333333 0.22222222 0.11111111 0.0 0.0 0.11111111 0.11111111],[0.38586071 0.17223887 0.05989427 0.07487261 0.0621262  0.08674026 0.1582671 ],1.66666665,2.14845394,0.14199937958923342
98968:82,[0.11111111 0.22222222 0.11111111 0.11111111 0.22222222 0.22222222 0.0],[0.3648642  0.18888539 0.07886849 0.09569837 0.07387766 0.09152541 0.10628053],2.7777777500000003,2.0245383500000003,0.3422899789661094
98975:26,[0.52631579 0.10526316 0.10526316 0.05263158 0.05263158 0.10526316 0.05263158],[0.1762263  0.07516207 0.05172985 0.05814679 0.06956714 0.14039573 0.42877215],1.52631582,3.9059422500000003,0.5190065495885304
99064:18,[0.0 0.11111111 0.11111111 0.22222222 0.0 0.11111111 0.44444444],[0.17037611 0.08554921 0.06038996 0.06848924 0.07958479 0.12636229 0.40924838],4.222222179999999,3.8174377400000004,0.2523747089500156
99180:110,[0.22222222 0.33333333 0.11111111 0.11111111 0.0 0.0 0.22222222],[0.32860944 0.11926776 0.05467145 0.06183686 0.06145445 0.11256801 0.261592  ],2.2222222,2.7923310900000002,0.2841722745978967
99369:72,[0.11111111 0.11111111 0.44444444 0.11111111 0.11111111 0.0 0.11111111],[0.34429273 0.17412443 0.06496483 0.07680263 0.071321   0.10104523 0.1674491 ],2.44444442,2.3296667299999996,0.4674329396669798
99475:12,[0.3125 0.0625 0.0 0.1875 0.0625 0.0625 0.3125],[0.17688207 0.11819426 0.09983873 0.10766812 0.11531227 0.14695394 0.23515055],3.0625,3.2477981600000003,0.2318178506201772
99865:30,[0.0 0.11111111 0.11111111 0.0 0.22222222 0.0 0.33333333],[0.25037846 0.09659319 0.0597526  0.07608201 0.07556938 0.14278141 0.29884294],3.22222219,3.25358663,0.3382447125265434
